{
  "run_id": "ac19b0cb12374fdab92003f5a13c989c",
  "size": [
    785,
    799
  ],
  "assets": {
    "t0_rgb": "/static/runs/ac19b0cb12374fdab92003f5a13c989c/t0.png",
    "t1_rgb": "/static/runs/ac19b0cb12374fdab92003f5a13c989c/t1.png",
    "diff_rgb": "/static/runs/ac19b0cb12374fdab92003f5a13c989c/diff.png",
    "heatmap": "/static/runs/ac19b0cb12374fdab92003f5a13c989c/heatmap.png",
    "overlay": "/static/runs/ac19b0cb12374fdab92003f5a13c989c/overlay.png",
    "landcover": "/static/runs/ac19b0cb12374fdab92003f5a13c989c/landcover.png",
    "anomaly_u8": "/static/runs/ac19b0cb12374fdab92003f5a13c989c/anomaly_u8.png"
  },
  "metrics": {
    "global": {
      "anomaly_pixels_pct": 10.000079717481245,
      "score_mean": 0.29111817479133606,
      "score_p95": 0.5226552486419678
    },
    "by_category": {
      "urban": {
        "anomaly_pixels_pct": 10.000079717481245,
        "pixels": 627215
      },
      "agriculture": {
        "anomaly_pixels_pct": 0.0,
        "pixels": 0
      },
      "forest": {
        "anomaly_pixels_pct": 0.0,
        "pixels": 0
      },
      "water": {
        "anomaly_pixels_pct": 0.0,
        "pixels": 0
      }
    }
  },
  "threshold_suggestion": 0.4632393419742584,
  "landcover_labels": {
    "urban": 0,
    "agriculture": 1,
    "forest": 2,
    "water": 3
  }
}